,Town,School Name,% Attending College,% High Needs,% Economically Disadvantaged,% Females,% Graduated,% AP_Score 3-5,SAP,% Dropped Out,Progress and Performance Index (PPI) - All Students,Average SAT,City/town,Median annual household income
0,Abington,Abington High,75.8,28.8,21.5,54.4,94.7,56.1,42.0,3.5,76.0,511.3333333333330,Abington,"91,643"
1,Agawam,Agawam High,81.6,32.0,22.7,48.0,94.2,66.4,41.0,3.7,65.0,495.0,Agawam,"61,919"
2,Amesbury,Amesbury High,72.6,25.9,14.6,46.5,93.9,81.0,53.0,1.2,67.0,527.6666666666670,Amesbury,"78,638"
3,Andover,Andover High,89.3,20.9,6.3,51.1,95.7,78.1,81.0,0.5,85.0,569.6666666666670,Andover,"143,292"
4,Arlington,Arlington High,85.0,20.7,10.3,50.9,98.1,86.1,73.0,1.3,79.0,583.0,Arlington,"103,594"
5,Ashland,Ashland High,87.7,22.8,10.3,51.2,95.1,94.6,89.0,1.1,94.0,551.6666666666670,Ashland,"120,309"
6,Attleboro,Attleboro High,74.3,35.5,25.6,45.8,91.0,61.9,30.0,4.1,75.0,496.0,Attleboro,"70,136"
7,Auburn,Auburn Senior High,79.1,23.8,15.2,51.9,96.9,46.8,45.0,0.6,67.0,490.0,Auburn,"74,174"
8,Avon,Avon Middle High School,87.8,34.8,23.8,51.4,83.3,37.0,29.0,6.3,60.0,466.3333333333330,Avon,"69,709"
9,Hyannis,Barnstable High,75.5,36.4,25.5,51.3,84.6,59.8,43.0,7.6,62.0,502.3333333333330,,
10,Bedford,Bedford High,91.5,22.7,7.8,49.4,95.2,91.6,87.0,1.4,80.0,562.6666666666670,Bedford,"125,208"
11,Belchertown,Belchertown High,89.9,22.1,13.5,49.7,91.6,85.0,84.0,2.2,95.0,539.6666666666670,Belchertown,"86,165"
12,Bellingham,Bellingham High School,70.1,31.7,15.6,45.5,94.3,50.0,64.0,0.6,82.0,504.3333333333330,Bellingham,"95,533"
13,Belmont,Belmont High,86.2,14.3,6.5,53.1,97.8,92.4,93.0,0.6,93.0,593.6666666666670,Belmont,"118,370"
14,Beverly,Beverly High,76.6,35.2,23.8,50.2,90.8,64.4,39.0,3.2,68.0,517.0,Beverly,"77,893"
15,Billerica,Billerica Memorial High School,76.3,26.7,15.2,50.1,92.4,69.4,47.0,3.5,69.0,525.6666666666670,Billerica,"99,453"
16,Hyde Park,Another Course To College,81.4,73.1,61.4,50.7,96.2,5.6,27.0,1.9,69.0,393.0,,
17,Boston,Boston Arts Academy,77.8,55.3,43.6,63.8,89.8,0.0,21.0,3.1,78.0,433.0,Boston,"62,021"
18,Hyde Park,Boston Community Leadership Academy,81.7,77.2,56.0,48.8,89.3,18.3,23.0,3.3,70.0,405.6666666666670,,
19,Boston,Boston Latin,94.1,20.8,15.7,54.9,98.1,82.7,96.0,0.2,97.0,630.0,Boston,"62,021"
20,Dorchester,Boston Latin Academy,92.0,36.6,31.7,58.1,96.9,50.3,91.0,0.8,92.0,536.6666666666670,,
21,Brighton,Brighton High,66.2,86.2,61.0,39.7,62.0,3.8,2.0,19.4,48.0,367.0,,
22,Charlestown,Charlestown High,65.5,87.4,62.9,39.9,53.9,26.0,9.0,19.8,65.0,376.0,,
23,Dorchester,Community Academy of Science and Health,52.7,86.6,66.8,46.0,75.7,4.3,6.0,3.6,52.0,350.3333333333330,,
24,East Boston,East Boston High,56.3,80.2,46.0,43.3,67.7,14.0,6.0,12.7,66.0,396.0,,
25,South Boston,Excel High School,71.4,84.4,64.6,38.1,66.3,18.8,3.0,18.7,54.0,369.6666666666670,,
26,Dorchester,Jeremiah E Burke High,45.6,82.6,61.1,48.1,74.0,4.8,11.0,15.4,89.0,360.6666666666670,,
27,Hyde Park,New Mission High School,89.5,60.9,53.1,49.1,98.7,10.1,64.0,0.0,91.0,409.6666666666670,,
28,Roxbury,O'Bryant School Math/Science,88.5,52.0,44.7,55.7,95.6,39.9,87.0,1.6,86.0,497.0,,
29,Dorchester,TechBoston Academy,71.2,81.7,66.6,44.5,84.3,34.0,19.0,5.2,68.0,379.0,,
30,Jamaica Plain,The English High,57.0,82.6,65.3,44.3,58.7,10.7,18.0,28.3,73.0,342.6666666666670,,
31,West Roxbury,Urban Science Academy,56.8,69.2,55.1,40.0,70.0,7.1,5.0,11.7,45.0,389.3333333333330,,
32,West Roxbury,West Roxbury Academy,62.9,79.2,59.5,46.6,73.6,0.0,4.0,12.3,67.0,362.0,,
33,Bourne,Bourne High School,68.1,32.6,24.8,49.5,91.9,60.7,48.0,2.7,70.0,499.0,Bourne,"73,000"
34,Braintree,Braintree High,86.9,34.5,17.9,50.0,95.2,85.3,68.0,1.8,79.0,523.0,Braintree,"88,993"
35,Brockton,Brockton High,76.0,62.1,46.8,49.5,89.9,33.0,36.0,3.0,82.0,440.3333333333330,Brockton,"52,393"
36,Brookline,Brookline High,80.9,28.0,11.7,49.8,93.4,94.6,81.0,1.8,82.0,602.0,Brookline,"111,289"
37,Burlington,Burlington High,85.8,19.9,8.3,48.6,97.2,79.3,65.0,0.4,76.0,526.0,Burlington,"99,254"
38,Cambridge,Cambridge Rindge and Latin,80.6,40.5,27.4,48.2,92.5,83.2,48.0,2.4,80.0,520.3333333333330,Cambridge,"89,145"
39,Canton,Canton High,87.7,17.8,11.6,51.0,97.3,67.3,75.0,1.8,84.0,521.3333333333330,Canton,"96,583"
40,Carver,Carver Middle/High School,75.5,31.5,17.9,49.3,90.4,51.8,34.0,3.8,54.0,509.0,Carver,"73,904"
41,North Chelmsford,Chelmsford High,89.5,20.4,8.6,51.1,95.5,76.2,84.0,2.4,93.0,540.0,,
42,Chelsea,Chelsea High,71.0,71.9,46.7,48.0,62.5,31.1,4.0,21.5,49.0,440.3333333333330,Chelsea,"51,839"
43,Chicopee,Chicopee Comprehensive High School,67.9,50.1,42.4,46.5,80.7,43.3,8.0,9.8,62.0,465.3333333333330,Chicopee,"48,866"
44,Chicopee,Chicopee High,77.2,56.4,47.4,50.9,80.9,47.6,5.0,11.2,58.0,470.6666666666670,Chicopee,"48,866"
45,Clinton,Clinton Senior High,74.0,45.7,33.3,45.9,93.3,40.8,39.0,1.0,63.0,493.3333333333330,Clinton,"68,362"
46,Cohasset,Cohasset Middle/High School,92.9,16.2,4.3,49.3,99.1,85.9,92.0,0.0,84.0,562.0,Cohasset,"140,000"
47,Danvers,Danvers High,81.4,26.0,14.2,51.1,94.6,66.4,58.0,3.1,64.0,514.6666666666670,Danvers,"79,795"
48,Dartmouth,Dartmouth High,80.6,23.9,15.8,49.5,92.1,85.4,45.0,2.3,72.0,518.0,Dartmouth,"74,742"
49,Dedham,Dedham High,79.3,32.1,18.0,50.1,96.2,58.5,70.0,1.6,83.0,495.6666666666670,Dedham,"89,514"
50,Douglas,Douglas High School,79.2,26.4,12.7,52.8,89.9,59.6,38.0,2.0,68.0,517.0,Douglas,"94,675"
51,Dracut,Dracut Senior High,84.7,22.3,13.9,52.3,94.3,76.0,60.0,3.7,80.0,499.3333333333330,Dracut,"86,697"
52,Duxbury,Duxbury High,89.7,16.0,5.5,48.8,98.5,71.7,95.0,1.1,100.0,551.3333333333330,Duxbury,"123,613"
53,East Bridgewater,East Bridgewater JR./SR. High School,87.0,25.7,14.1,51.2,95.9,54.4,56.0,3.4,62.0,504.0,East Bridgewater,"86,568"
54,East Longmeadow,East Longmeadow High,90.0,26.8,13.7,51.3,97.2,82.9,66.0,0.0,75.0,525.0,East Longmeadow,"85,221"
55,Easthampton,Easthampton High,77.4,37.6,27.6,52.9,88.5,42.3,32.0,5.3,76.0,493.0,Easthampton,"61,004"
56,North Easton,Oliver Ames High,90.5,23.6,10.5,52.8,97.8,71.8,63.0,0.4,81.0,542.0,,
57,Everett,Everett High,66.9,58.8,39.8,48.0,78.2,31.7,26.0,9.6,77.0,431.0,Everett,"57,254"
58,Fairhaven,Fairhaven High,78.2,30.5,21.6,52.1,92.2,64.9,52.0,2.8,82.0,509.0,Fairhaven,"62,090"
59,Fall River,B M C Durfee High,66.2,63.9,55.2,49.2,79.2,51.9,9.0,12.7,54.0,481.0,Fall River,"39,328"
60,Falmouth,Falmouth High,77.0,32.7,24.3,49.0,87.7,76.9,61.0,5.4,86.0,524.6666666666670,Falmouth,"70,918"
61,Fitchburg,Fitchburg High,67.6,63.7,54.0,47.9,86.1,25.2,10.0,6.4,60.0,394.0,Fitchburg,"51,412"
62,Foxborough,Foxborough High,81.9,26.8,13.6,46.8,96.4,71.0,64.0,0.4,74.0,522.6666666666670,Foxborough,"98,199"
63,Acton,Acton-Boxborough Regional High,89.0,16.3,4.9,49.4,98.3,94.5,98.0,0.8,100.0,622.0,Acton,"133,713"
64,Cheshire,Hoosac Valley Middle & High School,82.3,48.2,39.2,50.0,83.3,49.6,11.0,8.3,50.0,487.0,Cheshire,"61,512"
65,Marlborough,Advanced Math and Science Academy Charter School,89.8,11.7,6.1,48.3,100.0,84.7,98.0,0.0,100.0,622.6666666666670,Marlborough,"75,418"
66,Amherst,Amherst Regional High,83.7,34.3,21.9,47.9,91.6,87.5,59.0,3.1,72.0,586.3333333333330,Amherst,"50,203"
67,Ashburnham,Oakmont Regional High School,87.8,25.8,14.1,50.1,94.1,72.5,70.0,0.0,82.0,504.3333333333330,Ashburnham,"85,064"
68,Marlborough,Assabet Valley Vocational High School,51.5,47.1,22.5,42.4,95.9,31.5,32.0,1.6,64.0,430.0,Marlborough,"75,418"
69,Athol,Athol High,59.2,56.1,45.3,45.8,75.0,12.1,12.0,13.9,56.0,465.0,Athol,"50,417"
70,Ayer,Ayer Shirley Regional High School,67.2,38.1,25.2,49.6,93.3,61.7,34.0,5.6,61.0,498.6666666666670,Ayer,"78,762"
71,Adams,Berkshire Arts and Technology Charter Public School,73.7,52.8,41.9,51.7,91.3,36.1,57.0,0.0,69.0,502.0,Adams,"49,777"
72,Great Barrington,Monument Mt Regional High,81.9,30.7,22.1,48.6,90.3,82.8,56.0,2.1,73.0,529.3333333333330,Great Barrington,"56,124"
73,Boylston,Tahanto Regional High,82.8,24.3,9.4,47.8,94.3,77.5,87.0,2.9,82.0,521.3333333333330,Boylston,"97,074"
74,Upton,Blackstone Valley,79.3,19.2,10.0,51.8,99.3,37.4,94.0,0.7,100.0,484.0,Upton,"119,392"
75,Blackstone,Blackstone Millville RHS,62.2,29.7,17.9,51.3,94.2,56.6,50.0,0.8,68.0,507.0,Blackstone,"80,260"
76,Canton,Blue Hills Regional Vocational Technical,63.6,42.0,22.7,44.5,97.4,50.0,60.0,0.0,83.0,432.3333333333330,Canton,"96,583"
77,Dorchester,Boston Collegiate Charter School,82.1,44.6,29.4,51.9,91.5,53.4,76.0,0.0,63.0,511.6666666666670,,
78,Brighton,Boston Green Academy Horace Mann Charter School,74.6,75.0,61.1,48.5,76.6,5.8,10.0,7.8,64.0,353.3333333333330,,
79,Hyde Park,Boston Preparatory Charter Public School,95.2,61.7,39.0,48.2,75.0,20.6,64.0,11.5,75.0,446.3333333333330,,
80,Bridgewater,Bridgewater-Raynham Regional,76.1,20.5,12.0,50.0,92.6,67.9,36.0,3.0,80.0,515.0,Bridgewater,"88,640"
81,Taunton,Bristol-Plymouth Vocational Technical,57.2,38.4,26.2,42.1,97.1,31.7,61.0,1.9,75.0,455.0,Taunton,"56,797"
82,Harwich,Cape Cod Region Vocational Technical,40.7,54.9,35.8,37.6,92.9,29.0,41.0,2.6,73.0,449.0,Harwich,"73,468"
83,Dalton,Wahconah Regional High,85.7,27.8,21.2,50.6,91.6,41.2,69.0,5.3,70.0,499.0,Dalton,"60,406"
84,Roxbury,City on a Hill Charter Public School Circuit Street,91.1,70.3,56.3,54.8,69.5,12.5,57.0,5.1,69.0,418.3333333333330,,
85,Dorchester,Codman Academy Charter Public School,81.5,65.2,51.8,50.1,62.5,0.0,42.0,8.3,81.0,374.0,,
86,Cambridge,Community Charter School of Cambridge,88.5,49.7,34.8,52.7,92.5,26.7,84.0,1.9,81.0,448.0,Cambridge,"89,145"
87,Concord,Concord Carlisle High,89.7,21.1,5.4,52.1,98.3,94.4,85.0,0.0,93.0,618.6666666666670,Concord,"137,743"
88,South Yarmouth,Dennis-Yarmouth Regional High,71.3,46.8,34.3,49.3,87.9,57.1,31.0,5.3,59.0,483.6666666666670,,
89,North Dighton,Dighton-Rehoboth Regional High School,78.9,23.0,14.0,44.4,92.9,73.0,77.0,1.4,85.0,542.0,,
90,Dover,Dover-Sherborn Regional High,90.6,14.6,3.4,51.4,99.4,94.4,99.0,0.0,100.0,613.6666666666670,Dover,"204,018"
91,Dudley,Shepherd Hill Regional High,77.0,24.0,17.2,51.8,92.3,58.5,46.0,3.3,70.0,508.3333333333330,Dudley,"64,281"
92,Boston,Edward M. Kennedy Academy for Health Careers (Horace Mann Charter School),81.8,68.0,54.0,65.7,86.7,19.4,35.0,5.3,67.0,392.6666666666670,Boston,"62,021"
93,Hathorne,Essex Technical High School,65.7,38.3,21.0,57.0,97.5,56.3,76.0,0.4,85.0,473.3333333333330,,
94,Foxborough,Foxborough Regional Charter School,87.5,32.8,17.0,52.6,100.0,64.8,66.0,0.0,72.0,500.0,Foxborough,"98,199"
95,Framingham,Framingham High School,73.5,39.9,22.7,48.6,88.3,91.2,62.0,4.2,78.0,535.0,Framingham,"73,182"
96,Franklin,Franklin High,89.9,17.4,5.9,50.8,96.2,73.8,73.0,0.7,94.0,543.3333333333330,Franklin,"111,935"
97,Lakeville,Apponequet Regional High,86.5,21.2,10.8,50.5,93.5,74.6,71.0,2.5,88.0,515.3333333333330,Lakeville,"98,015"
98,South Deerfield,Frontier Regional,85.9,31.1,17.5,46.0,91.3,80.5,54.0,1.0,63.0,524.6666666666670,,
99,Gardner,Gardner High,82.1,50.4,41.5,46.4,95.0,39.9,20.0,0.8,59.0,446.0,Gardner,"48,915"
100,Huntington,Gateway Regional High,76.9,37.7,28.6,55.9,89.9,48.1,41.0,5.8,77.0,536.6666666666670,Huntington,"66,713"
101,Georgetown,Georgetown High School,92.5,20.4,10.2,52.3,97.1,100.0,83.0,1.0,89.0,541.0,Georgetown,"113,417"
102,Montague,Turners Fall High,71.4,44.6,34.6,50.2,73.8,48.1,17.0,21.5,63.0,490.3333333333330,Montague,"50,933"
103,New Bedford,Global Learning Charter Public School,87.9,59.4,49.7,48.3,87.0,26.0,35.0,13.0,64.0,451.0,New Bedford,"40,626"
104,Gloucester,Gloucester High,69.8,47.9,32.6,48.9,88.0,66.3,29.0,7.7,73.0,493.3333333333330,Gloucester,"65,348"
105,Grafton,Grafton High School,81.1,21.7,10.8,51.6,91.3,68.6,58.0,3.7,74.0,536.3333333333330,Grafton,"100,605"
106,Granby,Granby Jr Sr High School,79.5,30.7,20.5,45.7,93.2,39.8,44.0,2.7,56.0,505.6666666666670,Granby,"89,752"
107,Fall River,Diman Regional Vocational Technical High,55.5,42.3,36.1,44.2,97.0,55.0,47.0,1.8,78.0,442.3333333333330,Fall River,"39,328"
108,Andover,Gr Lawrence Regional Vocational Technical,56.3,66.9,52.1,50.8,95.9,12.5,28.0,2.8,87.0,386.0,Andover,"143,292"
109,New Bedford,Gr New Bedford Vocational Technical,58.6,45.2,36.9,50.4,93.2,75.4,21.0,5.1,66.0,439.3333333333330,New Bedford,"40,626"
110,Greenfield,Greenfield High,74.1,50.7,44.4,46.0,79.4,44.4,29.0,9.3,59.0,492.0,Greenfield,"47,821"
111,Groton,Groton Dunstable Regional,89.7,14.3,3.1,49.8,98.2,83.6,98.0,1.4,100.0,560.0,Groton,"123,918"
112,Hadley,Hopkins Academy,85.4,18.2,11.2,50.0,96.2,63.2,74.0,0.0,60.0,541.6666666666670,Hadley,"58,953"
113,South Hamilton,Hamilton-Wenham Regional High,89.3,18.3,6.3,53.1,98.1,71.2,91.0,0.6,90.0,563.0,,
114,Chicopee,Hampden Charter School of Science,95.2,47.3,41.8,49.8,94.3,73.7,86.0,0.0,92.0,486.6666666666670,Chicopee,"48,866"
115,Wilbraham,Minnechaug Regional High,86.6,21.5,11.5,49.8,94.9,81.4,78.0,2.7,80.0,520.6666666666670,Wilbraham,"104,491"
116,Westhampton,Hampshire Regional High,85.5,29.0,16.3,55.1,97.7,77.1,66.0,0.0,64.0,518.3333333333330,Westhampton,"86,591"
117,Hanover,Hanover High,86.9,21.0,5.7,46.8,98.5,64.0,74.0,1.0,85.0,506.6666666666670,Hanover,"111,311"
118,Harvard,Bromfield,90.7,16.5,5.3,49.3,95.1,92.5,94.0,2.0,88.0,588.6666666666670,Harvard,"134,355"
119,Hatfield,Smith Academy,78.0,29.3,14.1,48.0,100.0,56.9,71.0,0.0,77.0,551.0,Hatfield,"65,087"
120,Haverhill,Haverhill High,67.4,45.6,34.6,47.2,77.8,53.1,10.0,12.6,60.0,506.6666666666670,Haverhill,"65,926"
121,Hingham,Hingham High,87.9,16.4,6.4,49.1,99.3,96.0,89.0,0.4,94.0,562.3333333333330,Hingham,"125,144"
122,Holbrook,Holbrook Jr Sr High,62.1,46.0,34.6,49.5,88.2,48.1,48.0,7.9,73.0,460.3333333333330,Holbrook,"68,023"
123,Holliston,Holliston High,89.0,17.8,5.6,48.5,96.2,86.5,92.0,0.9,98.0,563.6666666666670,Holliston,"118,933"
124,Holyoke,Holyoke High,69.3,68.3,62.0,48.1,68.9,32.2,12.0,13.8,59.0,472.0,Holyoke,"37,954"
125,Hopedale,Hopedale Jr Sr High,85.9,22.9,9.0,51.7,95.1,57.0,79.0,1.2,89.0,525.6666666666670,Hopedale,"101,761"
126,Hopkinton,Hopkinton High,89.9,14.2,3.8,51.5,98.7,84.8,97.0,0.3,100.0,558.6666666666670,Hopkinton,"151,357"
127,Hudson,Hudson High,87.7,31.8,19.3,51.1,91.1,63.1,38.0,3.7,61.0,507.0,Hudson,"83,765"
128,Hull,Hull High,76.7,37.3,27.3,43.4,81.8,66.9,51.0,5.7,64.0,507.3333333333330,Hull,"80,584"
129,Ipswich,Ipswich High,80.8,19.0,9.0,50.3,94.7,80.2,72.0,2.3,76.0,520.6666666666670,Ipswich,"80,829"
130,Wrentham,King Philip Regional High,87.4,17.1,8.1,47.0,95.9,80.1,77.0,1.1,92.0,543.3333333333330,Wrentham,"107,444"
131,Lee,Lee Middle/High School,70.6,36.7,28.1,50.1,87.7,38.5,38.0,3.1,58.0,519.6666666666670,Lee,"66,599"
132,Leicester,Leicester High,81.2,28.8,19.3,49.5,87.6,57.2,42.0,1.8,75.0,522.0,Leicester,"76,738"
133,Lenox,Lenox Memorial High,92.2,25.9,18.9,54.5,97.6,69.2,89.0,0.0,71.0,596.3333333333330,Lenox,"68,492"
134,Leominster,Leominster High School,75.3,39.8,27.4,53.1,90.5,53.2,23.0,3.4,64.0,484.0,Leominster,"57,610"
135,Lexington,Lexington High,84.2,18.0,5.6,49.8,98.1,94.3,97.0,0.6,100.0,625.0,Lexington,"162,083"
136,Sudbury,Lincoln-Sudbury Regional High,86.5,19.5,5.5,50.3,98.2,95.9,82.0,0.0,93.0,586.3333333333330,Sudbury,"170,945"
137,Littleton,Littleton High School,87.1,22.5,5.4,51.0,98.1,92.5,86.0,0.0,97.0,581.6666666666670,Littleton,"119,177"
138,Longmeadow,Longmeadow High,92.3,20.6,5.5,50.2,98.8,90.7,93.0,0.0,98.0,554.3333333333330,Longmeadow,"112,831"
139,Lowell,Lowell High,77.9,56.3,44.3,50.0,82.0,55.3,11.0,5.8,63.0,467.3333333333330,Lowell,"48,581"
140,Ludlow,Ludlow Senior High,80.0,30.4,20.3,50.5,94.4,64.1,53.0,2.6,79.0,498.0,Ludlow,"67,715"
141,Lunenburg,Lunenburg High,87.3,21.0,14.1,51.7,93.7,66.7,91.0,1.1,89.0,521.0,Lunenburg,"97,775"
142,Lynn,Classical High,63.3,57.6,43.8,47.1,79.5,47.0,14.0,13.4,55.0,449.0,Lynn,"53,513"
143,Lynn,Lynn English High,66.2,62.3,44.3,47.6,77.3,36.7,22.0,12.6,63.0,448.0,Lynn,"53,513"
144,Lynn,Lynn Vocational Technical Institute,45.0,68.2,48.7,42.1,78.5,18.2,14.0,5.4,83.0,420.0,Lynn,"53,513"
145,Lynnfield,Lynnfield High,87.5,21.3,7.8,51.1,98.8,79.5,95.0,0.0,91.0,539.3333333333330,Lynnfield,"117,706"
146,Boston,MATCH Charter Public School,90.7,76.1,56.4,52.3,63.9,40.0,66.0,3.3,64.0,457.3333333333330,Boston,"62,021"
147,Malden,Malden High,76.6,58.3,39.9,49.4,84.5,41.6,20.0,5.3,79.0,468.6666666666670,Malden,"62,361"
148,Manchester,Manchester Essex Regional High School,89.3,18.4,8.0,56.1,97.4,86.5,96.0,0.9,99.0,592.6666666666670,Manchester,"105,500"
149,Mansfield,Mansfield High,89.1,18.7,9.1,50.6,97.8,89.0,86.0,1.0,91.0,548.0,Mansfield,"111,141"
150,Marblehead,Marblehead High,89.3,26.2,8.8,53.9,95.8,85.6,85.0,1.1,91.0,564.0,Marblehead,"110,025"
151,Marlborough,Marlborough High,76.8,46.1,28.0,48.9,87.0,42.6,18.0,3.7,67.0,500.0,Marlborough,"75,418"
152,Marshfield,Marshfield High,87.1,22.7,10.2,50.2,97.1,72.3,67.0,1.0,77.0,516.6666666666670,Marshfield,"94,737"
153,Oak Bluffs,Martha's Vineyard Regional High,75.6,37.5,19.8,47.8,92.3,69.7,44.0,3.0,62.0,522.6666666666670,Oak Bluffs,"66,091"
154,Boxford,Masconomet Regional High School,90.8,18.1,5.8,50.2,97.5,83.5,94.0,0.8,99.0,554.3333333333330,Boxford,"155,034"
155,Mashpee,Mashpee High,69.2,36.6,23.6,45.5,90.2,48.0,37.0,4.9,72.0,490.0,Mashpee,"73,841"
156,Maynard,Maynard High,76.4,31.7,17.1,50.8,88.4,67.4,40.0,3.5,54.0,536.6666666666670,Maynard,"95,833"
157,Medfield,Medfield Senior High,94.5,13.5,3.8,49.8,98.3,74.4,96.0,0.9,100.0,566.0,Medfield,"153,847"
158,Medford,Medford High,81.8,40.2,24.8,52.0,83.9,88.9,60.0,3.9,83.0,519.3333333333330,Medford,"86,204"
159,Medway,Medway High,87.8,15.9,6.3,49.1,96.7,75.7,81.0,1.0,81.0,536.0,Medway,"115,432"
160,Melrose,Melrose High,84.5,23.8,11.8,53.0,95.8,70.0,72.0,2.1,91.0,530.3333333333330,Melrose,"93,434"
161,Upton,Nipmuc Regional High,84.6,20.1,10.3,54.0,94.5,73.8,83.0,1.8,89.0,529.0,Upton,"119,392"
162,Methuen,Methuen High,77.8,38.1,30.2,48.0,87.9,44.7,26.0,5.2,82.0,471.3333333333330,Methuen,"73,492"
163,Middleborough,Middleborough High,72.8,31.8,21.0,48.4,93.3,67.6,38.0,4.9,75.0,497.0,Middleborough,"79,800"
164,Milford,Milford High,77.3,37.6,26.4,50.2,84.2,55.7,17.0,9.6,46.0,503.6666666666670,Milford,"75,854"
165,Millbury,Millbury Junior/Senior High,75.4,35.4,22.7,50.8,96.0,46.1,46.0,0.0,73.0,477.0,Millbury,"74,713"
166,Millis,Millis High School,88.2,18.7,9.7,50.5,93.8,71.1,77.0,4.1,86.0,505.0,Millis,"100,230"
167,Milton,Milton High,89.3,21.5,11.2,50.9,96.9,75.6,80.0,0.4,92.0,536.3333333333330,Milton,"126,000"
168,Lexington,Minuteman Regional High,57.7,62.4,26.1,33.3,88.0,60.0,35.0,1.9,77.0,466.0,Lexington,"162,083"
169,Shelburne Falls,Mohawk Trail Regional High,79.3,46.7,34.6,50.2,81.9,69.3,39.0,8.4,61.0,533.6666666666670,,
170,Harwich,Monomoy Regional High School,76.5,30.9,20.5,49.9,89.5,59.8,47.0,4.4,74.0,534.0,Harwich,"73,468"
171,Monson,Monson High School,81.6,22.6,17.1,50.2,96.7,41.6,25.0,2.2,64.0,492.3333333333330,Monson,"78,677"
172,Fitchburg,Montachusett Regional Vocational Technical,53.8,34.4,23.0,45.2,98.6,23.5,58.0,0.3,84.0,461.0,Fitchburg,"51,412"
173,Williamstown,Mt Greylock Regional High,84.9,27.0,17.6,50.7,92.6,74.2,87.0,1.2,78.0,585.0,Williamstown,"77,340"
174,Nantucket,Nantucket High,72.7,37.5,17.3,47.6,83.3,52.8,36.0,4.8,63.0,508.3333333333330,Nantucket,"91,942"
175,Baldwinville,Narragansett Regional High,65.9,29.0,20.2,51.3,87.6,44.4,45.0,5.2,64.0,499.6666666666670,,
176,Bolton,Nashoba Regional,90.0,16.9,5.0,51.2,94.5,85.4,83.0,2.9,86.0,551.3333333333330,Bolton,"151,618"
177,Westford,Nashoba Valley Technical High School,56.2,47.8,19.5,41.0,96.8,12.9,51.0,1.9,84.0,454.6666666666670,Westford,"138,006"
178,Natick,Natick High,85.5,23.6,10.3,49.7,98.4,80.2,88.0,0.0,92.0,552.6666666666670,Natick,"106,027"
179,North Eastham,Nauset Regional High,77.6,28.1,17.9,52.5,93.3,75.7,79.0,0.8,85.0,523.6666666666670,,
180,Needham,Needham High,91.0,19.7,5.5,50.3,99.0,92.6,85.0,0.0,94.0,576.6666666666670,Needham,"141,690"
181,New Bedford,New Bedford High,63.4,76.4,58.9,46.5,65.2,22.9,2.0,13.8,44.0,439.6666666666670,New Bedford,"40,626"
182,Newburyport,Newburyport High,85.0,19.0,10.5,52.6,96.1,90.1,92.0,0.6,100.0,552.0,Newburyport,"89,887"
183,Newtonville,Newton North High,85.7,32.1,10.4,50.1,98.2,92.3,87.0,0.0,98.0,583.3333333333330,,
184,Newton Centre,Newton South High,84.1,28.4,8.8,49.1,98.9,89.8,90.0,0.0,98.0,605.0,,
185,North Adams,Drury High,50.0,59.5,53.3,52.4,81.4,23.4,8.0,8.5,46.0,472.3333333333330,North Adams,"38,774"
186,North Andover,North Andover High,89.5,19.0,10.8,53.7,97.0,90.1,68.0,0.3,79.0,523.3333333333330,North Andover,"105,661"
187,North Attleborough,North Attleboro High,87.7,22.1,12.4,50.5,94.3,87.8,54.0,2.7,77.0,525.0,North Attleborough,"87,093"
188,North Brookfield,North Brookfield High,71.4,40.0,34.3,56.1,92.3,36.1,30.0,2.6,55.0,482.3333333333330,North Brookfield,"73,133"
189,Townsend,North Middlesex Regional,84.1,22.6,12.6,51.9,96.3,64.4,49.0,1.2,59.0,517.6666666666670,Townsend,"84,630"
190,North Reading,North Reading High,81.1,19.9,5.9,50.1,93.4,64.4,74.0,2.5,69.0,548.6666666666670,North Reading,"124,750"
191,Northampton,Northampton High,86.2,28.7,18.6,53.2,93.0,75.3,71.0,2.2,79.0,572.3333333333330,Northampton,"62,838"
192,Northborough,Algonquin Regional High,93.1,17.3,5.5,52.9,95.7,90.6,95.0,2.7,98.0,556.3333333333330,Northborough,"111,875"
193,Whitinsville,Northbridge High,57.6,32.7,24.0,47.6,90.1,42.2,28.0,5.9,69.0,486.0,,
194,North Adams,Charles McCann Vocational Technical,42.6,40.3,30.2,37.0,96.7,32.0,40.0,0.8,78.0,466.6666666666670,North Adams,"38,774"
195,Norton,Norton High,80.4,23.7,13.6,49.4,96.2,72.0,56.0,2.7,87.0,511.6666666666670,Norton,"102,869"
196,Norwell,Norwell High,89.9,13.0,3.5,52.0,98.8,81.7,93.0,0.0,99.0,552.3333333333330,Norwell,"128,563"
197,Norwood,Norwood High,82.9,33.3,20.4,49.6,93.8,73.5,44.0,3.3,69.0,513.6666666666670,Norwood,"87,516"
198,Mattapoisett,Old Rochester Regional High,86.7,17.2,7.9,50.8,94.8,72.2,51.0,2.1,72.0,537.6666666666670,Mattapoisett,"85,870"
199,Oxford,Oxford High,76.6,41.6,34.8,50.4,92.2,32.5,21.0,1.7,78.0,503.6666666666670,Oxford,"72,563"
200,Palmer,Palmer High,77.0,40.5,30.7,46.3,86.0,47.8,17.0,8.4,43.0,500.0,Palmer,"57,022"
201,Peabody,Peabody Veterans Memorial High,75.9,41.7,27.4,49.2,87.6,58.5,17.0,4.6,60.0,493.6666666666670,Peabody,"65,085"
202,Pembroke,Pembroke High School,76.0,19.1,10.7,49.8,96.2,63.6,61.0,3.8,78.0,509.0,Pembroke,"101,447"
203,West Newbury,Pentucket Regional Sr High,83.6,18.1,8.7,52.5,91.9,68.9,79.0,3.2,85.0,528.0,West Newbury,"135,882"
204,Everett,Pioneer Charter School of Science,90.7,65.6,38.1,48.8,96.4,55.3,93.0,1.8,71.0,502.0,Everett,"57,254"
205,Northfield,Pioneer Valley Regional,69.6,26.2,16.6,51.3,96.8,47.1,62.0,3.2,64.0,508.0,Northfield,"69,028"
206,South Hadley,Pioneer Valley Performing Arts Charter Public School,87.3,35.2,21.4,67.3,92.6,70.0,71.0,0.0,67.0,543.3333333333330,South Hadley,"66,940"
207,Pittsfield,Pittsfield High,70.1,50.6,38.4,48.5,78.1,50.6,7.0,10.7,61.0,496.3333333333330,Pittsfield,"46,871"
208,Pittsfield,Taconic High,72.8,49.0,40.7,48.4,88.2,44.3,16.0,7.5,63.0,491.0,Pittsfield,"46,871"
209,Plymouth,Plymouth North High,74.5,34.8,23.6,48.9,87.3,60.6,23.0,4.2,69.0,477.6666666666670,Plymouth,"83,746"
210,Plymouth,Plymouth South High,62.8,31.5,16.5,46.7,93.6,53.2,32.0,2.0,70.0,471.0,Plymouth,"83,746"
211,Cambridge,Prospect Hill Academy Charter School,91.4,53.6,37.9,49.4,92.3,32.4,49.0,0.0,73.0,453.0,Cambridge,"89,145"
212,Barre,Quabbin Regional High School,76.9,29.6,19.7,50.7,86.9,38.9,41.0,6.9,63.0,503.0,Barre,"69,432"
213,Warren,Quaboag Regional High,63.6,41.9,35.1,50.4,89.2,63.4,49.0,0.0,70.0,502.6666666666670,Warren,"68,490"
214,Quincy,North Quincy High,79.5,47.2,33.1,49.4,93.5,78.5,66.0,1.3,85.0,477.3333333333330,Quincy,"71,808"
215,Quincy,Quincy High,70.5,50.6,34.7,46.3,89.7,67.3,29.0,6.0,79.0,486.3333333333330,Quincy,"71,808"
216,Orange,Ralph C Mahar Regional,70.3,46.5,40.3,49.3,86.4,68.2,24.0,9.1,61.0,502.0,Orange,"43,191"
217,Randolph,Randolph High,74.4,59.8,42.7,45.9,81.6,46.1,33.0,3.5,73.0,441.3333333333330,Randolph,"69,969"
218,Reading,Reading Memorial High,91.7,22.1,5.9,51.1,98.4,83.9,77.0,0.9,86.0,541.0,Reading,"114,354"
219,Revere,Revere High,69.0,54.1,38.4,50.5,86.9,61.7,25.0,3.5,69.0,438.6666666666670,Revere,"53,794"
220,Plymouth,Rising Tide Charter Public School,88.2,21.2,8.9,51.9,100.0,82.4,95.0,0.0,90.0,536.0,Plymouth,"83,746"
221,Rockland,Rockland Senior High,71.8,29.3,27.3,47.5,88.7,41.4,26.0,2.8,79.0,483.0,Rockland,"77,573"
222,Rockport,Rockport High,84.8,26.9,13.3,48.3,94.9,63.0,57.0,3.8,79.0,520.3333333333330,Rockport,"72,015"
223,Springfield,Sabis International Charter School,90.8,47.0,36.7,49.9,96.4,48.7,42.0,1.8,64.0,472.3333333333330,Springfield,"37,118"
224,Salem,Salem High,69.6,62.7,45.4,48.2,87.9,34.5,20.0,5.4,74.0,479.0,Salem,"65,528"
225,Salem,Salem Academy Charter School,87.5,36.0,31.9,54.5,87.2,40.2,75.0,2.1,72.0,486.3333333333330,Salem,"65,528"
226,East Sandwich,Sandwich High,84.1,21.0,9.7,48.1,93.1,55.0,54.0,2.9,74.0,519.3333333333330,,
227,Saugus,Saugus High,84.6,35.3,25.7,49.7,87.3,42.7,16.0,7.9,67.0,491.3333333333330,Saugus,"82,188"
228,Scituate,Scituate High School,90.2,19.1,10.0,52.7,95.3,74.4,59.0,0.5,76.0,546.0,Scituate,"111,865"
229,Seekonk,Seekonk High,85.4,26.8,14.6,53.2,95.9,67.4,65.0,0.0,86.0,526.3333333333330,Seekonk,"86,014"
230,Sharon,Sharon High,87.0,18.0,6.2,48.8,96.0,94.1,97.0,1.2,100.0,584.0,Sharon,"132,734"
231,Billerica,Shawsheen Valley Vocational Technical High School,55.3,33.3,13.1,42.5,99.1,6.7,88.0,0.0,96.0,469.0,Billerica,"99,453"
232,Shrewsbury,Shrewsbury Sr High,93.5,19.9,8.0,53.1,96.8,92.5,82.0,0.7,90.0,555.0,Shrewsbury,"100,640"
233,Kingston,Silver Lake Regional High,75.4,27.3,14.9,47.5,97.9,80.4,69.0,0.7,82.0,522.6666666666670,Kingston,"89,796"
234,Somerset,Somerset Berkley Regional High School,86.5,21.5,13.9,53.2,96.2,83.0,68.0,2.5,79.0,519.3333333333330,Somerset,"72,920"
235,Somerville,Somerville High,72.8,58.0,39.6,45.3,85.0,53.8,39.0,8.6,83.0,468.6666666666670,Somerville,"84,722"
236,South Hadley,South Hadley High,79.9,27.2,19.3,49.7,93.6,55.6,55.0,3.5,79.0,503.6666666666670,South Hadley,"66,940"
237,Norwell,South Shore Charter Public School,79.5,38.0,14.5,49.5,100.0,69.8,59.0,0.0,71.0,498.6666666666670,Norwell,"128,563"
238,South Easton,Southeastern Regional Vocational Technical,55.8,55.0,39.1,48.8,97.0,12.5,52.0,1.0,88.0,419.0,,
239,Sheffield,Mt Everett Regional,71.9,41.8,29.5,49.0,94.9,53.3,79.0,5.1,69.0,505.0,Sheffield,"73,953"
240,Charlton,Bay Path Regional Vocational Technical High School,42.3,36.2,26.8,42.0,94.3,26.7,55.0,2.7,84.0,453.6666666666670,Charlton,"93,921"
241,Southwick,Southwick Regional School,81.4,30.0,16.8,49.4,91.4,60.8,59.0,6.1,80.0,512.6666666666670,Southwick,"76,737"
242,Spencer,David Prouty High,68.8,39.6,32.8,45.6,74.1,44.6,25.0,13.0,75.0,507.0,Spencer,"65,386"
243,Springfield,Roger L. Putnam Vocational Technical Academy,58.4,72.8,65.8,54.2,92.6,22.6,18.0,2.7,88.0,355.0,Springfield,"37,118"
244,Springfield,Springfield Central High,75.4,70.1,62.4,48.2,82.2,35.3,9.0,9.6,68.0,399.6666666666670,Springfield,"37,118"
245,Springfield,Springfield High School of Science and Technology,54.3,84.0,73.9,41.2,58.6,5.8,2.0,18.4,63.0,324.6666666666670,Springfield,"37,118"
246,Springfield,The Springfield Renaissance School an Expeditionary Learning School,84.4,55.5,47.8,48.4,89.8,26.5,23.0,3.1,63.0,431.3333333333330,Springfield,"37,118"
247,Stoneham,Stoneham High,88.1,24.2,12.8,50.7,94.6,65.9,76.0,2.0,86.0,495.0,Stoneham,"90,320"
248,Stoughton,Stoughton High,84.0,32.5,22.0,48.2,92.9,62.2,49.0,5.1,86.0,510.6666666666670,Stoughton,"78,343"
249,Sutton,Sutton High School,86.8,15.3,7.0,50.9,95.5,59.0,62.0,1.8,68.0,515.3333333333330,Sutton,"101,315"
250,Swampscott,Swampscott High,90.6,23.5,13.1,50.8,94.0,71.3,75.0,1.8,79.0,523.3333333333330,Swampscott,"105,169"
251,Swansea,Joseph Case High,72.5,28.0,21.6,47.3,91.7,40.5,73.0,4.5,93.0,518.3333333333330,Swansea,"81,125"
252,Fiskdale,Tantasqua Regional Sr High,83.6,17.1,12.9,56.4,94.8,71.8,67.0,2.1,88.0,546.0,,
253,Fiskdale,Tantasqua Regional Vocational,50.0,36.6,23.3,38.6,97.9,61.9,24.0,1.1,64.0,487.6666666666670,,
254,Taunton,Taunton High,72.2,44.5,37.1,49.8,92.6,56.0,24.0,3.1,52.0,490.6666666666670,Taunton,"56,797"
255,Tewksbury,Tewksbury Memorial High,77.7,22.9,12.3,47.2,94.4,65.3,64.0,3.2,87.0,498.6666666666670,Tewksbury,"93,817"
256,Franklin,Tri-County Regional Vocational Technical,58.4,42.8,20.8,44.9,96.0,42.7,63.0,2.2,86.0,481.0,Franklin,"111,935"
257,Byfield,Triton Regional High School,82.3,24.4,14.2,52.1,92.1,67.3,57.0,2.8,77.0,530.3333333333330,,
258,Tyngsborough,Tyngsborough High School,83.0,17.6,9.1,50.7,97.7,60.0,79.0,2.3,85.0,493.0,Tyngsborough,"101,303"
259,Uxbridge,Uxbridge High,72.9,27.0,17.2,46.5,89.0,58.9,43.0,8.1,64.0,510.6666666666670,Uxbridge,"94,656"
260,Holden,Wachusett Regional High,84.6,19.2,8.6,52.7,95.4,88.3,80.0,2.7,88.0,538.6666666666670,Holden,"101,827"
261,Wakefield,Wakefield Memorial High,87.5,23.5,12.7,52.1,96.9,73.9,48.0,0.8,63.0,527.3333333333330,Wakefield,"92,252"
262,Walpole,Walpole High,88.3,19.2,8.3,51.1,96.2,88.9,78.0,1.0,79.0,529.6666666666670,Walpole,"107,956"
263,Waltham,Waltham Sr High,74.3,48.4,26.0,45.9,85.7,71.9,31.0,5.4,61.0,481.3333333333330,Waltham,"83,249"
264,Ware,Ware Junior/Senior High School,58.3,48.2,40.6,47.6,76.5,60.0,13.0,16.2,37.0,472.3333333333330,Ware,"50,016"
265,Wareham,Wareham Senior High,76.3,53.7,42.9,49.0,92.3,34.5,18.0,4.6,69.0,471.3333333333330,Wareham,"65,718"
266,Watertown,Watertown High,85.6,43.4,23.6,49.8,87.9,80.3,43.0,7.1,69.0,508.0,Watertown,"93,171"
267,Wayland,Wayland High School,87.4,24.2,3.6,46.9,98.7,92.9,87.0,0.4,100.0,602.3333333333330,Wayland,"166,893"
268,Webster,Bartlett High School,70.3,50.6,40.9,45.8,66.7,25.5,13.0,24.3,39.0,484.6666666666670,Webster,"52,107"
269,Wellesley,Wellesley Sr High,85.8,21.2,6.5,51.8,97.3,95.6,89.0,0.8,97.0,604.3333333333330,Wellesley,"176,852"
270,West Boylston,West Boylston Junior/Senior High,92.3,26.5,17.0,52.4,93.2,70.8,58.0,3.4,57.0,517.3333333333330,West Boylston,"73,320"
271,West Bridgewater,West Bridgewater Junior/Senior,86.9,20.8,14.1,55.1,98.2,47.6,75.0,0.9,60.0,503.3333333333330,West Bridgewater,"85,368"
272,West Springfield,West Springfield High,70.2,48.8,38.5,47.7,86.3,42.2,15.0,5.8,75.0,491.3333333333330,West Springfield,"51,735"
273,Westborough,Westborough High,85.5,20.0,7.6,50.7,97.3,94.5,91.0,1.6,99.0,589.3333333333330,Westborough,"107,604"
274,Westfield,Westfield High,77.1,35.0,26.6,54.7,84.2,40.8,30.0,7.9,75.0,518.6666666666670,Westfield,"62,212"
275,Westford,Westford Academy,91.0,13.3,3.6,49.0,98.6,96.0,90.0,0.5,99.0,595.3333333333330,Westford,"138,006"
276,Weston,Weston High,82.0,25.1,5.8,49.4,97.4,84.2,88.0,0.0,95.0,611.3333333333330,Weston,"196,651"
277,Westwood,Westwood High,87.9,21.2,4.1,52.6,97.6,90.3,92.0,0.0,99.0,561.0,Westwood,"145,799"
278,Weymouth,Weymouth High School,62.7,35.5,24.7,48.0,88.5,75.3,43.0,5.7,70.0,501.3333333333330,Weymouth,"75,892"
279,Whitman,Whitman Hanson Regional,76.4,26.0,17.5,51.5,93.8,56.7,54.0,1.3,76.0,505.3333333333330,Whitman,"79,705"
280,Wilmington,Wilmington High,86.9,19.4,8.1,50.6,94.1,69.1,69.0,1.5,71.0,516.3333333333330,Wilmington,"118,549"
281,Winchendon,Murdock High School,68.2,47.8,37.0,46.4,82.9,52.9,12.0,9.8,64.0,461.0,Winchendon,"64,539"
282,Winchester,Winchester High School,87.5,24.1,5.6,49.7,97.5,89.0,99.0,0.6,100.0,596.6666666666670,Winchester,"152,196"
283,Winthrop,Winthrop High School,80.9,39.8,26.6,50.2,86.6,41.7,70.0,5.4,54.0,481.3333333333330,Winthrop,"69,928"
284,Woburn,Woburn High,76.3,35.3,22.0,50.8,88.6,65.8,28.0,5.1,81.0,497.3333333333330,Woburn,"83,304"
285,Worcester,Burncoat Senior High,68.3,70.2,54.7,48.2,82.0,26.1,8.0,7.9,67.0,451.6666666666670,Worcester,"45,869"
286,Worcester,Claremont Academy,59.3,83.5,65.0,49.6,86.0,6.6,14.0,5.3,57.0,361.6666666666670,Worcester,"45,869"
287,Worcester,Doherty Memorial High,75.2,58.9,43.9,45.5,84.4,47.5,19.0,6.3,63.0,468.3333333333330,Worcester,"45,869"
288,Worcester,North High,54.4,81.4,63.6,47.9,76.7,17.8,3.0,8.5,63.0,397.6666666666670,Worcester,"45,869"
289,Worcester,South High Community,60.6,75.9,58.6,47.1,76.4,35.9,23.0,6.5,75.0,448.3333333333330,Worcester,"45,869"
290,Worcester,University Pk Campus School,72.4,68.5,57.1,44.9,92.7,23.3,54.0,0.0,59.0,444.6666666666670,Worcester,"45,869"
291,Worcester,Worcester Technical High,67.2,57.0,43.8,57.4,95.9,30.5,74.0,1.3,100.0,430.3333333333330,Worcester,"45,869"